split,family,mode,evaluator,training_seed,channel,c,snr_db,nominal_cbr,actual_cbr,channel_seed,clips,psnr_db,ssim,ms_ssim_3scale,top1_percent,top5_percent,clean_top1_percent,clean_top5_percent,official_test_used,source_summary
test,exact_topk,learned_topk,r2plus1d,42,AWGN,8,13.0,1/6,1/12,1042,3783,21.42739162878671,0.6203940572197905,0.7643803658858512,16.04546656093048,35.42162305048903,81.12609040444092,95.37404176579435,True,out_official_test_sweep_locked/topk/seed42/r2plus1d/TATopKMatched_test_AWGN_c8_snr13_seed1042/summary.json
test,exact_topk,random_topk,r2plus1d,42,AWGN,8,13.0,1/6,1/12,1042,3783,21.564430478827337,0.614546733166596,0.7744338484138779,9.199048374306106,23.02405498281787,81.12609040444092,95.37404176579435,True,out_official_test_sweep_locked/topk/seed42/r2plus1d/TATopKMatched_test_AWGN_c8_snr13_seed1042/summary.json
test,exact_topk,uniform_topk,r2plus1d,42,AWGN,8,13.0,1/6,1/12,1042,3783,21.357496747131105,0.6160702514539722,0.7705205332309583,10.679355009251916,27.940787734602168,81.12609040444092,95.37404176579435,True,out_official_test_sweep_locked/topk/seed42/r2plus1d/TATopKMatched_test_AWGN_c8_snr13_seed1042/summary.json
test,exact_topk,learned_topk,tsn,42,AWGN,8,13.0,1/6,1/12,1042,3783,21.427391628282525,0.6203940566683332,0.7643803659803868,17.10282844303463,39.4395982024848,69.54797779540047,89.87575997885276,True,out_official_test_sweep_locked/topk/seed42/tsn/TATopKMatched_test_AWGN_c8_snr13_seed1042/summary.json
test,exact_topk,random_topk,tsn,42,AWGN,8,13.0,1/6,1/12,1042,3783,21.564430476306388,0.6145467329617691,0.7744338483666101,13.296325667459689,34.31139307427967,69.54797779540047,89.87575997885276,True,out_official_test_sweep_locked/topk/seed42/tsn/TATopKMatched_test_AWGN_c8_snr13_seed1042/summary.json
test,exact_topk,uniform_topk,tsn,42,AWGN,8,13.0,1/6,1/12,1042,3783,21.357496751668812,0.6160702511388537,0.770520533286104,12.238963785355537,33.86201427438541,69.54797779540047,89.87575997885276,True,out_official_test_sweep_locked/topk/seed42/tsn/TATopKMatched_test_AWGN_c8_snr13_seed1042/summary.json
test,exact_topk,learned_topk,r2plus1d,43,AWGN,8,13.0,1/6,1/12,1042,3783,21.85530785508424,0.6238719313990146,0.7823093123152998,15.199577055247158,34.02061855670103,81.12609040444092,95.37404176579435,True,out_official_test_sweep_locked/topk/seed43/r2plus1d/TATopKMatched_test_AWGN_c8_snr13_seed1042/summary.json
test,exact_topk,random_topk,r2plus1d,43,AWGN,8,13.0,1/6,1/12,1042,3783,21.51647666746619,0.6197191763185742,0.7791298612964049,9.331218609569126,24.477927570711074,81.12609040444092,95.37404176579435,True,out_official_test_sweep_locked/topk/seed43/r2plus1d/TATopKMatched_test_AWGN_c8_snr13_seed1042/summary.json
test,exact_topk,uniform_topk,r2plus1d,43,AWGN,8,13.0,1/6,1/12,1042,3783,21.66551276536458,0.6257486484202323,0.7831597364188312,12.39756806767116,31.13930742796722,81.12609040444092,95.37404176579435,True,out_official_test_sweep_locked/topk/seed43/r2plus1d/TATopKMatched_test_AWGN_c8_snr13_seed1042/summary.json
test,exact_topk,learned_topk,tsn,43,AWGN,8,13.0,1/6,1/12,1042,3783,21.855307855588432,0.6238719316511093,0.7823093135678955,16.706317737245573,39.25455987311658,69.54797779540047,89.87575997885276,True,out_official_test_sweep_locked/topk/seed43/tsn/TATopKMatched_test_AWGN_c8_snr13_seed1042/summary.json
test,exact_topk,random_topk,tsn,43,AWGN,8,13.0,1/6,1/12,1042,3783,21.516476668978758,0.6197191763500861,0.7791298613751846,14.406555643669046,35.9238699444885,69.54797779540047,89.87575997885276,True,out_official_test_sweep_locked/topk/seed43/tsn/TATopKMatched_test_AWGN_c8_snr13_seed1042/summary.json
test,exact_topk,uniform_topk,tsn,43,AWGN,8,13.0,1/6,1/12,1042,3783,21.665512776456747,0.625748649255296,0.7831597360564451,14.300819455458631,36.34681469733016,69.54797779540047,89.87575997885276,True,out_official_test_sweep_locked/topk/seed43/tsn/TATopKMatched_test_AWGN_c8_snr13_seed1042/summary.json
test,exact_topk,learned_topk,r2plus1d,44,AWGN,8,13.0,1/6,1/12,1042,3783,21.51972883982284,0.623281307650438,0.7696037568918083,11.2609040444092,31.033571239756807,81.12609040444092,95.37404176579435,True,out_official_test_sweep_locked/topk/seed44/r2plus1d/TATopKMatched_test_AWGN_c8_snr13_seed1042/summary.json
test,exact_topk,random_topk,r2plus1d,44,AWGN,8,13.0,1/6,1/12,1042,3783,21.254916759070472,0.610960551045447,0.7645790718107857,7.269362939466032,21.8345228654507,81.12609040444092,95.37404176579435,True,out_official_test_sweep_locked/topk/seed44/r2plus1d/TATopKMatched_test_AWGN_c8_snr13_seed1042/summary.json
test,exact_topk,uniform_topk,r2plus1d,44,AWGN,8,13.0,1/6,1/12,1042,3783,21.027953010496564,0.5990470025019768,0.7528349114431769,8.273856727464976,24.79513613534232,81.12609040444092,95.37404176579435,True,out_official_test_sweep_locked/topk/seed44/r2plus1d/TATopKMatched_test_AWGN_c8_snr13_seed1042/summary.json
test,exact_topk,learned_topk,tsn,44,AWGN,8,13.0,1/6,1/12,1042,3783,21.519728850410818,0.6232813077607294,0.7696037555998229,15.06740681998414,36.71689135606661,69.54797779540047,89.87575997885276,True,out_official_test_sweep_locked/topk/seed44/tsn/TATopKMatched_test_AWGN_c8_snr13_seed1042/summary.json
test,exact_topk,random_topk,tsn,44,AWGN,8,13.0,1/6,1/12,1042,3783,21.25491676108723,0.6109605510139352,0.7645790715902028,12.053925455987311,31.403647898493258,69.54797779540047,89.87575997885276,True,out_official_test_sweep_locked/topk/seed44/tsn/TATopKMatched_test_AWGN_c8_snr13_seed1042/summary.json
test,exact_topk,uniform_topk,tsn,44,AWGN,8,13.0,1/6,1/12,1042,3783,21.027953016042645,0.5990470029116307,0.7528349118055631,9.516256938937351,26.83055775839281,69.54797779540047,89.87575997885276,True,out_official_test_sweep_locked/topk/seed44/tsn/TATopKMatched_test_AWGN_c8_snr13_seed1042/summary.json
test,fine_tune_only_c8,no_selection,r2plus1d,42,AWGN,8,13.0,1/6,1/6,1042,3783,22.86390095478071,0.6732363147282455,0.8297252622414543,21.75522072429289,44.3563309542691,81.12609040444092,95.37404176579435,True,out_official_test_correction_finetune_c8_primary/fine_tune_only_no_selector_test_AWGN_c8_snr13_channel_seed1042/summary.json
test,fine_tune_only_c8,no_selection,tsn,42,AWGN,8,13.0,1/6,1/6,1042,3783,22.86390095478071,0.6732363147282455,0.8297252622414543,26.883425852498018,52.47158339941845,69.54797779540047,89.87575997885276,True,out_official_test_correction_finetune_c8_primary/fine_tune_only_no_selector_test_AWGN_c8_snr13_channel_seed1042/summary.json
test,reconstruction_only_c4,no_selection,r2plus1d,42,AWGN,4,1.0,1/12,1/12,1042,3783,21.98971276607206,0.6325658812209031,0.7902363188409187,8.353158868622787,22.495374041765793,81.12609040444092,95.37404176579435,True,out_official_test_sweep_locked/baselines/native_c4_no_selection_test_AWGN_c4_snr1_channel_seed1042/summary.json
test,reconstruction_only_c4,no_selection,r2plus1d,42,AWGN,4,4.0,1/12,1/12,1042,3783,22.433291572129132,0.6535296216784348,0.8022050811772998,9.674861221252973,24.398625429553263,81.12609040444092,95.37404176579435,True,out_official_test_sweep_locked/baselines/native_c4_no_selection_test_AWGN_c4_snr4_channel_seed1042/summary.json
test,reconstruction_only_c4,no_selection,r2plus1d,42,AWGN,4,7.0,1/12,1/12,1042,3783,22.6119275623738,0.6574140439312703,0.810606123734302,10.943695479777954,27.12133227597145,81.12609040444092,95.37404176579435,True,out_official_test_sweep_locked/baselines/native_c4_no_selection_test_AWGN_c4_snr7_channel_seed1042/summary.json
test,reconstruction_only_c4,no_selection,r2plus1d,42,AWGN,4,13.0,1/12,1/12,1042,3783,22.806360476678115,0.6716965326171308,0.822397565450928,13.719270420301347,30.822098863335977,81.12609040444092,95.37404176579435,True,out_official_test_sweep_locked/baselines/native_c4_no_selection_test_AWGN_c4_snr13_channel_seed1042/summary.json
test,reconstruction_only_c4,no_selection,r2plus1d,42,AWGN,4,19.0,1/12,1/12,1042,3783,22.921886519216024,0.6812086151432746,0.8306292213210031,16.230504890298704,34.73433782712133,81.12609040444092,95.37404176579435,True,out_official_test_sweep_locked/baselines/native_c4_no_selection_test_AWGN_c4_snr19_channel_seed1042/summary.json
test,reconstruction_only_c4,no_selection,r2plus1d,42,Rayleigh,4,1.0,1/12,1/12,1042,3783,20.082471652412867,0.6034149657693642,0.753524237442609,4.969600845889506,14.776632302405499,81.12609040444092,95.37404176579435,True,out_official_test_sweep_locked/baselines/native_c4_no_selection_test_Rayleigh_c4_snr1_channel_seed1042/summary.json
test,reconstruction_only_c4,no_selection,r2plus1d,42,Rayleigh,4,4.0,1/12,1/12,1042,3783,21.596908344215354,0.6184738023497584,0.7679695182696809,6.423473433782712,18.10732223103357,81.12609040444092,95.37404176579435,True,out_official_test_sweep_locked/baselines/native_c4_no_selection_test_Rayleigh_c4_snr4_channel_seed1042/summary.json
test,reconstruction_only_c4,no_selection,r2plus1d,42,Rayleigh,4,7.0,1/12,1/12,1042,3783,20.4051791704618,0.6279481896215288,0.7745901038099653,5.366111551678562,16.49484536082474,81.12609040444092,95.37404176579435,True,out_official_test_sweep_locked/baselines/native_c4_no_selection_test_Rayleigh_c4_snr7_channel_seed1042/summary.json
test,reconstruction_only_c4,no_selection,r2plus1d,42,Rayleigh,4,13.0,1/12,1/12,1042,3783,20.62345669126498,0.6514870344001151,0.7904566651987645,6.7935500925191645,19.825535289452816,81.12609040444092,95.37404176579435,True,out_official_test_sweep_locked/baselines/native_c4_no_selection_test_Rayleigh_c4_snr13_channel_seed1042/summary.json
test,reconstruction_only_c4,no_selection,r2plus1d,42,Rayleigh,4,19.0,1/12,1/12,1042,3783,20.734910726988407,0.662316370122243,0.7997049280269228,7.639439598202485,21.438012159661643,81.12609040444092,95.37404176579435,True,out_official_test_sweep_locked/baselines/native_c4_no_selection_test_Rayleigh_c4_snr19_channel_seed1042/summary.json
test,reconstruction_only_c4,no_selection,tsn,42,AWGN,4,1.0,1/12,1/12,1042,3783,21.98971276607206,0.6325658812209031,0.7902363188409187,10.600052868094105,29.36822627544277,69.54797779540047,89.87575997885276,True,out_official_test_sweep_locked/baselines/native_c4_no_selection_test_AWGN_c4_snr1_channel_seed1042/summary.json
test,reconstruction_only_c4,no_selection,tsn,42,AWGN,4,4.0,1/12,1/12,1042,3783,22.433291572129132,0.6535296216784348,0.8022050811772998,11.89532117367169,32.17023526301877,69.54797779540047,89.87575997885276,True,out_official_test_sweep_locked/baselines/native_c4_no_selection_test_AWGN_c4_snr4_channel_seed1042/summary.json
test,reconstruction_only_c4,no_selection,tsn,42,AWGN,4,7.0,1/12,1/12,1042,3783,22.6119275623738,0.6574140439312703,0.810606123734302,13.613534232090933,34.39069521543748,69.54797779540047,89.87575997885276,True,out_official_test_sweep_locked/baselines/native_c4_no_selection_test_AWGN_c4_snr7_channel_seed1042/summary.json
test,reconstruction_only_c4,no_selection,tsn,42,AWGN,4,13.0,1/12,1/12,1042,3783,22.806360476678115,0.6716965326171308,0.822397565450928,14.51229183187946,36.452550885540575,69.54797779540047,89.87575997885276,True,out_official_test_sweep_locked/baselines/native_c4_no_selection_test_AWGN_c4_snr13_channel_seed1042/summary.json
test,reconstruction_only_c4,no_selection,tsn,42,AWGN,4,19.0,1/12,1/12,1042,3783,22.921886519216024,0.6812086151432746,0.8306292213210031,16.41554321966693,38.11789584985461,69.54797779540047,89.87575997885276,True,out_official_test_sweep_locked/baselines/native_c4_no_selection_test_AWGN_c4_snr19_channel_seed1042/summary.json
test,reconstruction_only_c4,no_selection,tsn,42,Rayleigh,4,1.0,1/12,1/12,1042,3783,20.082471652412867,0.6034149657693642,0.753524237442609,6.026962727993656,17.710811525244516,69.54797779540047,89.87575997885276,True,out_official_test_sweep_locked/baselines/native_c4_no_selection_test_Rayleigh_c4_snr1_channel_seed1042/summary.json
test,reconstruction_only_c4,no_selection,tsn,42,Rayleigh,4,4.0,1/12,1/12,1042,3783,21.596908344215354,0.6184738023497584,0.7679695182696809,8.617499339148823,24.398625429553263,69.54797779540047,89.87575997885276,True,out_official_test_sweep_locked/baselines/native_c4_no_selection_test_Rayleigh_c4_snr4_channel_seed1042/summary.json
test,reconstruction_only_c4,no_selection,tsn,42,Rayleigh,4,7.0,1/12,1/12,1042,3783,20.4051791704618,0.6279481896215288,0.7745901038099653,7.375099127676448,22.786148559344436,69.54797779540047,89.87575997885276,True,out_official_test_sweep_locked/baselines/native_c4_no_selection_test_Rayleigh_c4_snr7_channel_seed1042/summary.json
test,reconstruction_only_c4,no_selection,tsn,42,Rayleigh,4,13.0,1/12,1/12,1042,3783,20.62345669126498,0.6514870344001151,0.7904566651987645,8.326724821570183,25.799629923341264,69.54797779540047,89.87575997885276,True,out_official_test_sweep_locked/baselines/native_c4_no_selection_test_Rayleigh_c4_snr13_channel_seed1042/summary.json
test,reconstruction_only_c4,no_selection,tsn,42,Rayleigh,4,19.0,1/12,1/12,1042,3783,20.734910726988407,0.662316370122243,0.7997049280269228,9.146180280200898,28.125826063970393,69.54797779540047,89.87575997885276,True,out_official_test_sweep_locked/baselines/native_c4_no_selection_test_Rayleigh_c4_snr19_channel_seed1042/summary.json
test,reconstruction_only_c8,no_selection,r2plus1d,42,AWGN,8,1.0,1/6,1/6,1042,3783,22.876328470591606,0.6593333612728648,0.8080385716195274,11.47237642083003,28.231562252180808,81.12609040444092,95.37404176579435,True,out_official_test_sweep_locked/baselines/clean_no_selection_test_AWGN_c8_snr1_channel_seed1042/summary.json
test,reconstruction_only_c8,no_selection,r2plus1d,42,AWGN,8,4.0,1/6,1/6,1042,3783,22.738446610017395,0.6650103891522929,0.8171421368538687,12.133227597145122,28.707375099127677,81.12609040444092,95.37404176579435,True,out_official_test_sweep_locked/baselines/clean_no_selection_test_AWGN_c8_snr4_channel_seed1042/summary.json
test,reconstruction_only_c8,no_selection,r2plus1d,42,AWGN,8,7.0,1/6,1/6,1042,3783,22.832794558015603,0.6678426908873201,0.8208819853701731,13.534232090933122,30.76923076923077,81.12609040444092,95.37404176579435,True,out_official_test_sweep_locked/baselines/clean_no_selection_test_AWGN_c8_snr7_channel_seed1042/summary.json
test,reconstruction_only_c8,no_selection,r2plus1d,42,AWGN,8,13.0,1/6,1/6,1042,3783,23.007608399074794,0.6846459528897573,0.8310608298665721,16.28337298440391,35.157282579962995,81.12609040444092,95.37404176579435,True,out_official_test_sweep_locked/baselines/clean_no_selection_test_AWGN_c8_snr13_channel_seed1042/summary.json
test,reconstruction_only_c8,no_selection,r2plus1d,42,AWGN,8,19.0,1/6,1/6,1042,3783,23.093994842960882,0.6877762593039438,0.8355359057412083,18.71530531324346,38.646576790906686,81.12609040444092,95.37404176579435,True,out_official_test_sweep_locked/baselines/clean_no_selection_test_AWGN_c8_snr19_channel_seed1042/summary.json
test,reconstruction_only_c8,no_selection,r2plus1d,42,Rayleigh,8,1.0,1/6,1/6,1042,3783,20.342829329167728,0.6212526392304895,0.7691256083368846,5.974094633888448,17.18213058419244,81.12609040444092,95.37404176579435,True,out_official_test_sweep_locked/baselines/clean_no_selection_test_Rayleigh_c8_snr1_channel_seed1042/summary.json
test,reconstruction_only_c8,no_selection,r2plus1d,42,Rayleigh,8,4.0,1/6,1/6,1042,3783,20.466024850053255,0.6333086005427552,0.7784819162745908,6.212001057361882,17.89584985461274,81.12609040444092,95.37404176579435,True,out_official_test_sweep_locked/baselines/clean_no_selection_test_Rayleigh_c8_snr4_channel_seed1042/summary.json
test,reconstruction_only_c8,no_selection,r2plus1d,42,Rayleigh,8,7.0,1/6,1/6,1042,3783,20.614438295427405,0.648446923347809,0.7900148799360791,7.031456515992598,20.195611948189267,81.12609040444092,95.37404176579435,True,out_official_test_sweep_locked/baselines/clean_no_selection_test_Rayleigh_c8_snr7_channel_seed1042/summary.json
test,reconstruction_only_c8,no_selection,r2plus1d,42,Rayleigh,8,13.0,1/6,1/6,1042,3783,20.703115859549733,0.6630086597235405,0.799212651674375,8.16812053925456,22.12529738302934,81.12609040444092,95.37404176579435,True,out_official_test_sweep_locked/baselines/clean_no_selection_test_Rayleigh_c8_snr13_channel_seed1042/summary.json
test,reconstruction_only_c8,no_selection,r2plus1d,42,Rayleigh,8,19.0,1/6,1/6,1042,3783,20.768354284048016,0.6625575100638202,0.8020373350755267,8.088818398096748,21.940259053661116,81.12609040444092,95.37404176579435,True,out_official_test_sweep_locked/baselines/clean_no_selection_test_Rayleigh_c8_snr19_channel_seed1042/summary.json
test,reconstruction_only_c8,no_selection,tsn,42,AWGN,8,1.0,1/6,1/6,1042,3783,22.876328470591606,0.6593333612728648,0.8080385716195274,15.384615384615385,37.58921490880254,69.54797779540047,89.87575997885276,True,out_official_test_sweep_locked/baselines/clean_no_selection_test_AWGN_c8_snr1_channel_seed1042/summary.json
test,reconstruction_only_c8,no_selection,tsn,42,AWGN,8,4.0,1/6,1/6,1042,3783,22.738446610017395,0.6650103891522929,0.8171421368538687,13.957176843774782,35.1837166270156,69.54797779540047,89.87575997885276,True,out_official_test_sweep_locked/baselines/clean_no_selection_test_AWGN_c8_snr4_channel_seed1042/summary.json
test,reconstruction_only_c8,no_selection,tsn,42,AWGN,8,7.0,1/6,1/6,1042,3783,22.832794558015603,0.6678426908873201,0.8208819853701731,14.459423737774253,36.05604017975152,69.54797779540047,89.87575997885276,True,out_official_test_sweep_locked/baselines/clean_no_selection_test_AWGN_c8_snr7_channel_seed1042/summary.json
test,reconstruction_only_c8,no_selection,tsn,42,AWGN,8,13.0,1/6,1/6,1042,3783,23.007608399074794,0.6846459528897573,0.8310608298665721,16.97065820777161,38.858049167327515,69.54797779540047,89.87575997885276,True,out_official_test_sweep_locked/baselines/clean_no_selection_test_AWGN_c8_snr13_channel_seed1042/summary.json
test,reconstruction_only_c8,no_selection,tsn,42,AWGN,8,19.0,1/6,1/6,1042,3783,23.093994842960882,0.6877762593039438,0.8355359057412083,18.636003172085648,40.94633888448321,69.54797779540047,89.87575997885276,True,out_official_test_sweep_locked/baselines/clean_no_selection_test_AWGN_c8_snr19_channel_seed1042/summary.json
test,reconstruction_only_c8,no_selection,tsn,42,Rayleigh,8,1.0,1/6,1/6,1042,3783,20.342829329167728,0.6212526392304895,0.7691256083368846,6.661379857256146,20.22204599524187,69.54797779540047,89.87575997885276,True,out_official_test_sweep_locked/baselines/clean_no_selection_test_Rayleigh_c8_snr1_channel_seed1042/summary.json
test,reconstruction_only_c8,no_selection,tsn,42,Rayleigh,8,4.0,1/6,1/6,1042,3783,20.466024850053255,0.6333086005427552,0.7784819162745908,6.925720327782184,22.389637853555378,69.54797779540047,89.87575997885276,True,out_official_test_sweep_locked/baselines/clean_no_selection_test_Rayleigh_c8_snr4_channel_seed1042/summary.json
test,reconstruction_only_c8,no_selection,tsn,42,Rayleigh,8,7.0,1/6,1/6,1042,3783,20.614438295427405,0.648446923347809,0.7900148799360791,8.776103621464447,25.958234205656886,69.54797779540047,89.87575997885276,True,out_official_test_sweep_locked/baselines/clean_no_selection_test_Rayleigh_c8_snr7_channel_seed1042/summary.json
test,reconstruction_only_c8,no_selection,tsn,42,Rayleigh,8,13.0,1/6,1/6,1042,3783,20.703115859549733,0.6630086597235405,0.799212651674375,10.573618821041501,28.39016653449643,69.54797779540047,89.87575997885276,True,out_official_test_sweep_locked/baselines/clean_no_selection_test_Rayleigh_c8_snr13_channel_seed1042/summary.json
test,reconstruction_only_c8,no_selection,tsn,42,Rayleigh,8,19.0,1/6,1/6,1042,3783,20.768354284048016,0.6625575100638202,0.8020373350755267,10.335712397568068,29.07745175786413,69.54797779540047,89.87575997885276,True,out_official_test_sweep_locked/baselines/clean_no_selection_test_Rayleigh_c8_snr19_channel_seed1042/summary.json
validation,exact_topk,learned_topk,r2plus1d,42,AWGN,8,13.0,1/6,1/12,1042,1128,21.699596915684694,0.6237876108774902,0.7662707387555575,14.184397163120567,37.145390070921984,79.16666666666667,95.12411347517731,False,out_topk50_trained_selector_r2plus1d_matched_validation/TATopKMatched_validation_AWGN_c8_snr13_seed1042/summary.json
validation,exact_topk,random_topk,r2plus1d,42,AWGN,8,13.0,1/6,1/12,1042,1128,21.853878596995738,0.6176126546470831,0.7765986971187253,10.195035460992909,23.581560283687942,79.16666666666667,95.12411347517731,False,out_topk50_trained_selector_r2plus1d_matched_validation/TATopKMatched_validation_AWGN_c8_snr13_seed1042/summary.json
validation,exact_topk,uniform_topk,r2plus1d,42,AWGN,8,13.0,1/6,1/12,1042,1128,21.588727671203884,0.6180203987668592,0.7718819059590076,12.677304964539006,31.29432624113475,79.16666666666667,95.12411347517731,False,out_topk50_trained_selector_r2plus1d_matched_validation/TATopKMatched_validation_AWGN_c8_snr13_seed1042/summary.json
validation,exact_topk,learned_topk,tsn,42,AWGN,8,13.0,1/6,1/12,1042,1128,21.699596917375604,0.6237876110624337,0.7662707365362357,19.326241134751772,40.86879432624114,68.26241134751773,87.76595744680851,False,out_topk50_trained_selector_seed42_tsn_matched_validation/TATopKMatched_validation_AWGN_c8_snr13_seed1042/summary.json
validation,exact_topk,random_topk,tsn,42,AWGN,8,13.0,1/6,1/12,1042,1128,21.853878591923003,0.6176126549112881,0.7765986950579264,16.22340425531915,37.854609929078016,68.26241134751773,87.76595744680851,False,out_topk50_trained_selector_seed42_tsn_matched_validation/TATopKMatched_validation_AWGN_c8_snr13_seed1042/summary.json
validation,exact_topk,uniform_topk,tsn,42,AWGN,8,13.0,1/6,1/12,1042,1128,21.5887276593675,0.6180203985026542,0.7718819043209367,13.386524822695035,37.5,68.26241134751773,87.76595744680851,False,out_topk50_trained_selector_seed42_tsn_matched_validation/TATopKMatched_validation_AWGN_c8_snr13_seed1042/summary.json
validation,exact_topk,learned_topk,r2plus1d,43,AWGN,8,13.0,1/6,1/12,1042,1128,22.13901218962162,0.6281873616819263,0.785743477972264,14.893617021276595,35.99290780141844,79.16666666666667,95.12411347517731,False,out_topk50_trained_selector_seed43_r2plus1d_matched_validation/TATopKMatched_validation_AWGN_c8_snr13_seed1042/summary.json
validation,exact_topk,random_topk,r2plus1d,43,AWGN,8,13.0,1/6,1/12,1042,1128,21.7864595144353,0.6228621633763008,0.7811916689289377,10.0177304964539,23.49290780141844,79.16666666666667,95.12411347517731,False,out_topk50_trained_selector_seed43_r2plus1d_matched_validation/TATopKMatched_validation_AWGN_c8_snr13_seed1042/summary.json
validation,exact_topk,uniform_topk,r2plus1d,43,AWGN,8,13.0,1/6,1/12,1042,1128,21.91397749363108,0.6282803871741531,0.7849513259022793,13.918439716312056,34.04255319148936,79.16666666666667,95.12411347517731,False,out_topk50_trained_selector_seed43_r2plus1d_matched_validation/TATopKMatched_validation_AWGN_c8_snr13_seed1042/summary.json
validation,exact_topk,learned_topk,tsn,43,AWGN,8,13.0,1/6,1/12,1042,1128,22.13901218793071,0.6281873617611878,0.785743477285331,20.0354609929078,41.04609929078014,68.26241134751773,87.76595744680851,False,out_topk50_trained_selector_seed43_tsn_matched_validation/TATopKMatched_validation_AWGN_c8_snr13_seed1042/summary.json
validation,exact_topk,random_topk,tsn,43,AWGN,8,13.0,1/6,1/12,1042,1128,21.786459516126214,0.6228621640103928,0.7811916688760967,17.641843971631207,38.297872340425535,68.26241134751773,87.76595744680851,False,out_topk50_trained_selector_seed43_tsn_matched_validation/TATopKMatched_validation_AWGN_c8_snr13_seed1042/summary.json
validation,exact_topk,uniform_topk,tsn,43,AWGN,8,13.0,1/6,1/12,1042,1128,21.913977507158375,0.6282803863551177,0.7849513266420534,15.691489361702128,39.804964539007095,68.26241134751773,87.76595744680851,False,out_topk50_trained_selector_seed43_tsn_matched_validation/TATopKMatched_validation_AWGN_c8_snr13_seed1042/summary.json
validation,exact_topk,learned_topk,r2plus1d,44,AWGN,8,13.0,1/6,1/12,1042,1128,21.706687034444606,0.6267917147500718,0.7710362235810739,12.056737588652481,32.358156028368796,79.16666666666667,95.12411347517731,False,out_topk50_trained_selector_seed44_r2plus1d_matched_validation/TATopKMatched_validation_AWGN_c8_snr13_seed1042/summary.json
validation,exact_topk,random_topk,r2plus1d,44,AWGN,8,13.0,1/6,1/12,1042,1128,21.551706352977888,0.6145206468430817,0.7671423180306212,7.801418439716312,20.21276595744681,79.16666666666667,95.12411347517731,False,out_topk50_trained_selector_seed44_r2plus1d_matched_validation/TATopKMatched_validation_AWGN_c8_snr13_seed1042/summary.json
validation,exact_topk,uniform_topk,r2plus1d,44,AWGN,8,13.0,1/6,1/12,1042,1128,21.2784204948033,0.6023012381971727,0.7550102756589863,9.397163120567376,28.19148936170213,79.16666666666667,95.12411347517731,False,out_topk50_trained_selector_seed44_r2plus1d_matched_validation/TATopKMatched_validation_AWGN_c8_snr13_seed1042/summary.json
validation,exact_topk,learned_topk,tsn,44,AWGN,8,13.0,1/6,1/12,1042,1128,21.70668703106278,0.6267917129270574,0.77103622336971,18.70567375886525,38.209219858156025,68.26241134751773,87.76595744680851,False,out_topk50_trained_selector_seed44_tsn_matched_validation/TATopKMatched_validation_AWGN_c8_snr13_seed1042/summary.json
validation,exact_topk,random_topk,tsn,44,AWGN,8,13.0,1/6,1/12,1042,1128,21.551706366505183,0.6145206482697886,0.7671423153885712,15.425531914893616,33.42198581560284,68.26241134751773,87.76595744680851,False,out_topk50_trained_selector_seed44_tsn_matched_validation/TATopKMatched_validation_AWGN_c8_snr13_seed1042/summary.json
validation,exact_topk,uniform_topk,tsn,44,AWGN,8,13.0,1/6,1/12,1042,1128,21.27842050325786,0.6023012404164947,0.7550102775612622,10.549645390070921,30.0531914893617,68.26241134751773,87.76595744680851,False,out_topk50_trained_selector_seed44_tsn_matched_validation/TATopKMatched_validation_AWGN_c8_snr13_seed1042/summary.json
validation,fine_tune_only_c8,no_selection,r2plus1d,42,AWGN,8,13.0,1/6,1/6,1042,1128,23.120489528838625,0.6786041645240699,0.832444393307182,23.138297872340427,48.04964539007092,79.16666666666667,95.12411347517731,False,out_no_selector_r2plus1d_primary_locked_validation/VideoJSCC_R2Plus1D_validation_AWGN_c8_snr13_seed1042/summary.json
validation,fine_tune_only_c8,no_selection,tsn,42,AWGN,8,13.0,1/6,1/6,1042,1128,23.120489530529536,0.6786041645240699,0.832444392303203,31.117021276595743,56.648936170212764,68.26241134751773,87.76595744680851,False,out_no_selector_primary_locked_validation/VideoJSCC_TSN_validation_AWGN_c8_snr13_seed1042/summary.json
validation,fine_tuned_native_c4,no_selection,r2plus1d,42,AWGN,4,13.0,1/12,1/12,1042,1128,22.95061272002281,0.6661034368031414,0.8250873872997068,20.921985815602838,44.41489361702128,79.16666666666667,95.12411347517731,False,out_finetuned_native_c4_primary_r2plus1d_locked_validation/VideoJSCC_R2Plus1D_validation_AWGN_c4_snr13_seed1042/summary.json
validation,fine_tuned_native_c4,no_selection,tsn,42,AWGN,4,13.0,1/12,1/12,1042,1128,22.95061272002281,0.6661034357463215,0.8250873855031129,27.4822695035461,53.36879432624114,68.26241134751773,87.76595744680851,False,out_finetuned_native_c4_primary_tsn_locked_validation/VideoJSCC_TSN_validation_AWGN_c4_snr13_seed1042/summary.json
validation,fine_tuned_native_c4,no_selection,r2plus1d,43,AWGN,4,13.0,1/12,1/12,1042,1128,22.92955223296551,0.6668227341105329,0.8252469003200531,21.71985815602837,45.656028368794324,79.16666666666667,95.12411347517731,False,out_finetuned_native_c4_seed43_primary_r2plus1d_locked_validation/VideoJSCC_R2Plus1D_validation_AWGN_c4_snr13_seed1042/summary.json
validation,fine_tuned_native_c4,no_selection,tsn,43,AWGN,4,13.0,1/12,1/12,1042,1128,22.929552243110983,0.6668227324988825,0.8252468993689152,27.836879432624112,53.63475177304964,68.26241134751773,87.76595744680851,False,out_finetuned_native_c4_seed43_primary_tsn_locked_validation/VideoJSCC_TSN_validation_AWGN_c4_snr13_seed1042/summary.json
validation,fine_tuned_native_c4,no_selection,r2plus1d,44,AWGN,4,13.0,1/12,1/12,1042,1128,22.90322911401167,0.6690095759769703,0.8251245052996257,22.163120567375888,45.1241134751773,79.16666666666667,95.12411347517731,False,out_finetuned_native_c4_seed44_primary_r2plus1d_locked_validation/VideoJSCC_R2Plus1D_validation_AWGN_c4_snr13_seed1042/summary.json
validation,fine_tuned_native_c4,no_selection,tsn,44,AWGN,4,13.0,1/12,1/12,1042,1128,22.90322909710255,0.6690095755278219,0.8251245065149686,28.45744680851064,52.748226950354606,68.26241134751773,87.76595744680851,False,out_finetuned_native_c4_seed44_primary_tsn_locked_validation/VideoJSCC_TSN_validation_AWGN_c4_snr13_seed1042/summary.json
validation,reconstruction_only_c4,no_selection,r2plus1d,42,AWGN,4,13.0,1/12,1/12,1042,1128,23.062683719269774,0.6770963073833615,0.824860247842809,13.297872340425531,33.776595744680854,79.16666666666667,95.12411347517731,False,out_native_c4_r2plus1d_snr13_locked_validation/VideoJSCC_R2Plus1D_validation_AWGN_c4_snr13_seed1042/summary.json
validation,reconstruction_only_c4,no_selection,tsn,42,AWGN,4,1.0,1/12,1/12,1042,1128,22.2233147080063,0.6395053341456339,0.793166863950009,12.145390070921986,31.29432624113475,68.26241134751773,87.76595744680851,False,out_video_clean_evaluation_locked_tsn/VideoJSCC_TSN_validation_AWGN_c4_snr1_seed1042/summary.json
validation,reconstruction_only_c4,no_selection,tsn,42,AWGN,4,4.0,1/12,1/12,1042,1128,22.67574403979254,0.6590899449925051,0.8047370446700577,13.652482269503546,33.776595744680854,68.26241134751773,87.76595744680851,False,out_video_clean_evaluation_locked_tsn/VideoJSCC_TSN_validation_AWGN_c4_snr4_seed1042/summary.json
validation,reconstruction_only_c4,no_selection,tsn,42,AWGN,4,7.0,1/12,1/12,1042,1128,22.862085837844415,0.6632188960962685,0.8131460092486219,14.627659574468085,35.638297872340424,68.26241134751773,87.76595744680851,False,out_video_clean_evaluation_locked_tsn/VideoJSCC_TSN_validation_AWGN_c4_snr7_seed1042/summary.json
validation,reconstruction_only_c4,no_selection,tsn,42,AWGN,4,13.0,1/12,1/12,1042,1128,23.06268371757886,0.677096307198418,0.8248602492166749,16.31205673758865,38.652482269503544,68.26241134751773,87.76595744680851,False,out_video_clean_evaluation_locked_tsn/VideoJSCC_TSN_validation_AWGN_c4_snr13_seed1042/summary.json
validation,reconstruction_only_c4,no_selection,tsn,42,AWGN,4,19.0,1/12,1/12,1042,1128,23.169730664145018,0.6862444556879659,0.83305881087873,19.23758865248227,41.13475177304964,68.26241134751773,87.76595744680851,False,out_video_clean_evaluation_locked_tsn/VideoJSCC_TSN_validation_AWGN_c4_snr19_seed1042/summary.json
validation,reconstruction_only_c4,no_selection,tsn,42,Rayleigh,4,1.0,1/12,1/12,1042,1128,20.314705548556983,0.609071708845754,0.7565064909240455,6.294326241134752,21.01063829787234,68.26241134751773,87.76595744680851,False,out_video_clean_rayleigh_evaluation_locked_tsn/VideoJSCC_TSN_validation_Rayleigh_c4_snr1_seed1042/summary.json
validation,reconstruction_only_c4,no_selection,tsn,42,Rayleigh,4,4.0,1/12,1/12,1042,1128,21.839313733662273,0.6236747736837847,0.770202490084983,10.0177304964539,25.70921985815603,68.26241134751773,87.76595744680851,False,out_video_clean_rayleigh_evaluation_locked_tsn/VideoJSCC_TSN_validation_Rayleigh_c4_snr4_seed1042/summary.json
validation,reconstruction_only_c4,no_selection,tsn,42,Rayleigh,4,7.0,1/12,1/12,1042,1128,20.653127525715117,0.6341802807300226,0.7784673480700094,8.156028368794326,25.70921985815603,68.26241134751773,87.76595744680851,False,out_video_clean_rayleigh_evaluation_locked_tsn/VideoJSCC_TSN_validation_Rayleigh_c4_snr7_seed1042/summary.json
validation,reconstruction_only_c4,no_selection,tsn,42,Rayleigh,4,13.0,1/12,1/12,1042,1128,20.880022166468574,0.6571907170962358,0.7947390226924673,10.549645390070921,29.43262411347518,68.26241134751773,87.76595744680851,False,out_video_clean_rayleigh_evaluation_locked_tsn/VideoJSCC_TSN_validation_Rayleigh_c4_snr13_seed1042/summary.json
validation,reconstruction_only_c4,no_selection,tsn,42,Rayleigh,4,19.0,1/12,1/12,1042,1128,21.001147927121913,0.6682414994806263,0.8044371956840475,12.145390070921986,32.09219858156028,68.26241134751773,87.76595744680851,False,out_video_clean_rayleigh_evaluation_locked_tsn/VideoJSCC_TSN_validation_Rayleigh_c4_snr19_seed1042/summary.json
validation,reconstruction_only_c8,no_selection,r2plus1d,42,AWGN,8,13.0,1/6,1/6,1042,1128,23.251356605096912,0.689710149316923,0.8333661248709293,15.691489361702128,40.691489361702125,79.16666666666667,95.12411347517731,False,out_video_clean_evaluation_locked_r2plus1d_snr13_pilot/VideoJSCC_R2Plus1D_validation_AWGN_c8_snr13_seed1042/summary.json
validation,reconstruction_only_c8,no_selection,r2plus1d,42,Rayleigh,8,13.0,1/6,1/6,1042,1128,20.965781910199645,0.6687739380760819,0.8034146795353145,7.092198581560283,21.71985815602837,79.16666666666667,95.12411347517731,False,out_video_clean_rayleigh_evaluation_locked_r2plus1d/VideoJSCC_R2Plus1D_validation_Rayleigh_c8_snr13_seed1042/summary.json
validation,reconstruction_only_c8,no_selection,tsn,42,AWGN,8,1.0,1/6,1/6,1042,1128,23.145720866555017,0.6650443881063174,0.8107001404178903,19.680851063829788,39.184397163120565,68.26241134751773,87.76595744680851,False,out_video_clean_evaluation_locked_tsn/VideoJSCC_TSN_validation_AWGN_c8_snr1_seed1042/summary.json
validation,reconstruction_only_c8,no_selection,tsn,42,AWGN,8,4.0,1/6,1/6,1042,1128,22.99280600767609,0.6704522897060036,0.8194618847564603,15.159574468085106,38.209219858156025,68.26241134751773,87.76595744680851,False,out_video_clean_evaluation_locked_tsn/VideoJSCC_TSN_validation_AWGN_c8_snr4_seed1042/summary.json
validation,reconstruction_only_c8,no_selection,tsn,42,AWGN,8,7.0,1/6,1/6,1042,1128,23.090261656341823,0.673672747685977,0.8233571845166227,16.04609929078014,38.12056737588652,68.26241134751773,87.76595744680851,False,out_video_clean_evaluation_locked_tsn/VideoJSCC_TSN_validation_AWGN_c8_snr7_seed1042/summary.json
validation,reconstruction_only_c8,no_selection,tsn,42,AWGN,8,13.0,1/6,1/6,1042,1128,23.251356615242383,0.6897101499774354,0.8333661280413891,18.79432624113475,41.312056737588655,68.26241134751773,87.76595744680851,False,out_video_clean_evaluation_locked_tsn/VideoJSCC_TSN_validation_AWGN_c8_snr13_seed1042/summary.json
validation,reconstruction_only_c8,no_selection,tsn,42,AWGN,8,19.0,1/6,1/6,1042,1128,23.355011688056567,0.6932124854825067,0.83829145646053,21.98581560283688,45.0354609929078,68.26241134751773,87.76595744680851,False,out_video_clean_evaluation_locked_tsn/VideoJSCC_TSN_validation_AWGN_c8_snr19_seed1042/summary.json
validation,reconstruction_only_c8,no_selection,tsn,42,Rayleigh,8,1.0,1/6,1/6,1042,1128,20.599432809978513,0.6272660941678159,0.7727425001720165,7.801418439716312,23.847517730496453,68.26241134751773,87.76595744680851,False,out_video_clean_rayleigh_evaluation_locked_tsn/VideoJSCC_TSN_validation_Rayleigh_c8_snr1_seed1042/summary.json
validation,reconstruction_only_c8,no_selection,tsn,42,Rayleigh,8,4.0,1/6,1/6,1042,1128,20.72213623202439,0.6390322307587093,0.7821426570204133,8.24468085106383,25.177304964539008,68.26241134751773,87.76595744680851,False,out_video_clean_rayleigh_evaluation_locked_tsn/VideoJSCC_TSN_validation_Rayleigh_c8_snr4_seed1042/summary.json
validation,reconstruction_only_c8,no_selection,tsn,42,Rayleigh,8,7.0,1/6,1/6,1042,1128,20.877226974947234,0.6542969241157068,0.7940388039177191,10.638297872340425,29.343971631205672,68.26241134751773,87.76595744680851,False,out_video_clean_rayleigh_evaluation_locked_tsn/VideoJSCC_TSN_validation_Rayleigh_c8_snr7_seed1042/summary.json
validation,reconstruction_only_c8,no_selection,tsn,42,Rayleigh,8,13.0,1/6,1/6,1042,1128,20.965781903436,0.6687739394763683,0.8034146804864525,11.790780141843971,30.407801418439718,68.26241134751773,87.76595744680851,False,out_video_clean_rayleigh_evaluation_locked_tsn/VideoJSCC_TSN_validation_Rayleigh_c8_snr13_seed1042/summary.json
validation,reconstruction_only_c8,no_selection,tsn,42,Rayleigh,8,19.0,1/6,1/6,1042,1128,21.043963120338766,0.6690920546703728,0.8069133508078595,11.081560283687944,31.117021276595743,68.26241134751773,87.76595744680851,False,out_video_clean_rayleigh_evaluation_locked_tsn/VideoJSCC_TSN_validation_Rayleigh_c8_snr19_seed1042/summary.json
