result_dir,evaluator,method,mode,psnr_db,ssim,ms_ssim_3scale,top1_percent,top5_percent,clean_top1_percent
out_continuous_uep_alpha02_primary_matched_validation/ContinuousUEP_validation_AWGN_c8_snr13_alpha0.20_seed1042,tsn,continuous_uep,learned,23.115227666307003,0.6771744156243108,0.8319737666570548,30.93971631205674,56.205673758865245,68.26241134751773
out_continuous_uep_alpha02_primary_matched_validation/ContinuousUEP_validation_AWGN_c8_snr13_alpha0.20_seed1042,tsn,continuous_uep,random,23.113412334563883,0.6772910427328542,0.8319547012553993,30.93971631205674,56.02836879432624,68.26241134751773
out_continuous_uep_alpha02_primary_matched_validation/ContinuousUEP_validation_AWGN_c8_snr13_alpha0.20_seed1042,tsn,continuous_uep,all_ones,23.11360210307101,0.6772998301378379,0.8319631418649186,30.93971631205674,55.93971631205674,68.26241134751773
out_continuous_uep_alpha02_primary_matched_validation/ContinuousUEP_validation_AWGN_c8_snr13_alpha0.20_seed1042,tsn,continuous_uep,bypass,23.113602108143745,0.6772998305341453,0.8319631405967347,30.93971631205674,55.93971631205674,68.26241134751773
out_continuous_uep_r2plus1d_matched_validation/ContinuousUEP_validation_AWGN_c8_snr13_alpha0.20_seed1042,r2plus1d,continuous_uep,learned,23.115227676452474,0.6771744151223213,0.8319737653888709,22.78368794326241,47.783687943262414,79.16666666666667
out_continuous_uep_r2plus1d_matched_validation/ContinuousUEP_validation_AWGN_c8_snr13_alpha0.20_seed1042,r2plus1d,continuous_uep,random,23.113412337945707,0.6772910428121157,0.8319547031048342,22.69503546099291,47.695035460992905,79.16666666666667
out_continuous_uep_r2plus1d_matched_validation/ContinuousUEP_validation_AWGN_c8_snr13_alpha0.20_seed1042,r2plus1d,continuous_uep,all_ones,23.11360211321648,0.6772998300849968,0.8319631412836677,22.606382978723403,47.96099290780142,79.16666666666667
out_continuous_uep_r2plus1d_matched_validation/ContinuousUEP_validation_AWGN_c8_snr13_alpha0.20_seed1042,r2plus1d,continuous_uep,bypass,23.113602108143745,0.6772998318023292,0.8319631417592367,22.606382978723403,47.96099290780142,79.16666666666667
out_fixed_budget_aggressive_r2plus1d_v3_matched_validation/FixedBudgetUEP_validation_AWGN_c8_snr13_seed1042,r2plus1d,fixed_budget_uep,learned,22.945043406587967,0.6773561626302858,0.8247559420394559,21.18794326241135,46.01063829787234,79.16666666666667
out_fixed_budget_aggressive_r2plus1d_v3_matched_validation/FixedBudgetUEP_validation_AWGN_c8_snr13_seed1042,r2plus1d,fixed_budget_uep,random,22.584162591196968,0.6779225713289376,0.8171326039319343,17.99645390070922,39.09574468085106,79.16666666666667
out_fixed_budget_aggressive_r2plus1d_v3_matched_validation/FixedBudgetUEP_validation_AWGN_c8_snr13_seed1042,r2plus1d,fixed_budget_uep,all_ones,22.71286635280501,0.6860170540340403,0.8243295411374552,21.27659574468085,46.98581560283688,79.16666666666667
out_fixed_budget_aggressive_r2plus1d_v3_matched_validation/FixedBudgetUEP_validation_AWGN_c8_snr13_seed1042,r2plus1d,fixed_budget_uep,bypass,22.712866353650465,0.6860170552493833,0.8243295436209821,21.27659574468085,46.98581560283688,79.16666666666667
out_fixed_budget_mild_r2plus1d_v3_matched_validation/FixedBudgetUEP_validation_AWGN_c8_snr13_seed1042,r2plus1d,fixed_budget_uep,learned,23.05340456624403,0.6822174163204981,0.8305360562835179,22.429078014184398,48.04964539007092,79.16666666666667
out_fixed_budget_mild_r2plus1d_v3_matched_validation/FixedBudgetUEP_validation_AWGN_c8_snr13_seed1042,r2plus1d,fixed_budget_uep,random,22.936641829233643,0.6861276022085907,0.8291222304105759,21.54255319148936,47.87234042553192,79.16666666666667
out_fixed_budget_mild_r2plus1d_v3_matched_validation/FixedBudgetUEP_validation_AWGN_c8_snr13_seed1042,r2plus1d,fixed_budget_uep,all_ones,22.97823620265257,0.6884194815676685,0.8312083244429412,22.78368794326241,48.847517730496456,79.16666666666667
out_fixed_budget_mild_r2plus1d_v3_matched_validation/FixedBudgetUEP_validation_AWGN_c8_snr13_seed1042,r2plus1d,fixed_budget_uep,bypass,22.978236214488955,0.688419484500344,0.8312083259753301,22.78368794326241,48.847517730496456,79.16666666666667
out_fixed_budget_moderate_r2plus1d_v3_matched_validation/FixedBudgetUEP_validation_AWGN_c8_snr13_seed1042,r2plus1d,fixed_budget_uep,learned,23.021520087904964,0.6739367167630517,0.8285926044092956,22.25177304964539,47.96099290780142,79.16666666666667
out_fixed_budget_moderate_r2plus1d_v3_matched_validation/FixedBudgetUEP_validation_AWGN_c8_snr13_seed1042,r2plus1d,fixed_budget_uep,random,22.80003252181601,0.6786654944538225,0.8253429543676106,19.858156028368793,45.212765957446805,79.16666666666667
out_fixed_budget_moderate_r2plus1d_v3_matched_validation/FixedBudgetUEP_validation_AWGN_c8_snr13_seed1042,r2plus1d,fixed_budget_uep,all_ones,22.880741764467658,0.6833450775197212,0.8295270151174661,21.71985815602837,49.02482269503546,79.16666666666667
out_fixed_budget_moderate_r2plus1d_v3_matched_validation/FixedBudgetUEP_validation_AWGN_c8_snr13_seed1042,r2plus1d,fixed_budget_uep,bypass,22.880741761085837,0.6833450758552297,0.8295270162799679,21.71985815602837,49.02482269503546,79.16666666666667
out_fixed_budget_uep_aggressive_best_top1_matched_validation/FixedBudgetUEP_validation_AWGN_c8_snr13_seed1042,tsn,fixed_budget_uep,learned,22.85131496994208,0.6749287242902086,0.8235240156980271,28.98936170212766,53.812056737588655,68.26241134751773
out_fixed_budget_uep_aggressive_best_top1_matched_validation/FixedBudgetUEP_validation_AWGN_c8_snr13_seed1042,tsn,fixed_budget_uep,random,22.5137914960266,0.6758260824948761,0.8153531880560496,24.379432624113477,49.37943262411348,68.26241134751773
out_fixed_budget_uep_aggressive_best_top1_matched_validation/FixedBudgetUEP_validation_AWGN_c8_snr13_seed1042,tsn,fixed_budget_uep,all_ones,22.6526176735019,0.6846814237482158,0.8232626061595923,28.01418439716312,52.4822695035461,68.26241134751773
out_fixed_budget_uep_aggressive_best_top1_matched_validation/FixedBudgetUEP_validation_AWGN_c8_snr13_seed1042,tsn,fixed_budget_uep,bypass,22.6526176735019,0.6846814242502054,0.8232626063181153,28.01418439716312,52.4822695035461,68.26241134751773
out_fixed_budget_uep_low07_best_top1_matched_validation/FixedBudgetUEP_validation_AWGN_c8_snr13_seed1042,tsn,fixed_budget_uep,learned,22.93317253877085,0.6729979787206819,0.8285911505421003,30.141843971631207,56.38297872340426,68.26241134751773
out_fixed_budget_uep_low07_best_top1_matched_validation/FixedBudgetUEP_validation_AWGN_c8_snr13_seed1042,tsn,fixed_budget_uep,random,22.79564330679305,0.6791108082847815,0.826004517258059,27.393617021276597,53.54609929078014,68.26241134751773
out_fixed_budget_uep_low07_best_top1_matched_validation/FixedBudgetUEP_validation_AWGN_c8_snr13_seed1042,tsn,fixed_budget_uep,all_ones,22.87708159372316,0.683876117334721,0.8301449436033871,28.98936170212766,53.90070921985816,68.26241134751773
out_fixed_budget_uep_low07_best_top1_matched_validation/FixedBudgetUEP_validation_AWGN_c8_snr13_seed1042,tsn,fixed_budget_uep,bypass,22.877081590341337,0.6838761164100035,0.8301449423352032,28.98936170212766,53.90070921985816,68.26241134751773
out_fixed_budget_uep_low07_matched_validation/FixedBudgetUEP_validation_AWGN_c8_snr13_seed1042,tsn,fixed_budget_uep,learned,23.02152010143226,0.6739367169215746,0.8285926051490696,29.078014184397162,56.826241134751776,68.26241134751773
out_fixed_budget_uep_low07_matched_validation/FixedBudgetUEP_validation_AWGN_c8_snr13_seed1042,tsn,fixed_budget_uep,random,22.800032542106955,0.6786654962504164,0.8253429504045358,26.595744680851062,53.90070921985816,68.26241134751773
out_fixed_budget_uep_low07_matched_validation/FixedBudgetUEP_validation_AWGN_c8_snr13_seed1042,tsn,fixed_budget_uep,all_ones,22.880741764467658,0.6833450769120497,0.829527015170307,28.19148936170213,54.166666666666664,68.26241134751773
out_fixed_budget_uep_low07_matched_validation/FixedBudgetUEP_validation_AWGN_c8_snr13_seed1042,tsn,fixed_budget_uep,bypass,22.880741761085837,0.6833450779952901,0.8295270164384909,28.19148936170213,54.166666666666664,68.26241134751773
out_fixed_budget_uep_low08_best_top1_matched_validation/FixedBudgetUEP_validation_AWGN_c8_snr13_seed1042,tsn,fixed_budget_uep,learned,23.050470816328172,0.6812994373394242,0.830839843297681,31.382978723404257,56.737588652482266,68.26241134751773
out_fixed_budget_uep_low08_best_top1_matched_validation/FixedBudgetUEP_validation_AWGN_c8_snr13_seed1042,tsn,fixed_budget_uep,random,22.994649085592716,0.686416627218326,0.8300420097108429,30.141843971631207,55.762411347517734,68.26241134751773
out_fixed_budget_uep_low08_best_top1_matched_validation/FixedBudgetUEP_validation_AWGN_c8_snr13_seed1042,tsn,fixed_budget_uep,all_ones,23.04045061439487,0.6887649114620178,0.8321442855588088,30.673758865248228,56.826241134751776,68.26241134751773
out_fixed_budget_uep_low08_best_top1_matched_validation/FixedBudgetUEP_validation_AWGN_c8_snr13_seed1042,tsn,fixed_budget_uep,bypass,23.04045061439487,0.6887649121489507,0.832144283233805,30.76241134751773,56.826241134751776,68.26241134751773
out_fixed_budget_uep_low08_matched_validation/FixedBudgetUEP_validation_AWGN_c8_snr13_seed1042,tsn,fixed_budget_uep,learned,23.053404552716735,0.6822174161355546,0.830536055966472,29.9645390070922,56.11702127659574,68.26241134751773
out_fixed_budget_uep_low08_matched_validation/FixedBudgetUEP_validation_AWGN_c8_snr13_seed1042,tsn,fixed_budget_uep,random,22.936641829233643,0.6861276024199546,0.8291222303577349,30.141843971631207,55.40780141843972,68.26241134751773
out_fixed_budget_uep_low08_matched_validation/FixedBudgetUEP_validation_AWGN_c8_snr13_seed1042,tsn,fixed_budget_uep,all_ones,22.97823620772531,0.6884194837869905,0.8312083233861213,30.76241134751773,55.851063829787236,68.26241134751773
out_fixed_budget_uep_low08_matched_validation/FixedBudgetUEP_validation_AWGN_c8_snr13_seed1042,tsn,fixed_budget_uep,bypass,22.97823619927075,0.6884194833906829,0.8312083247071462,30.76241134751773,55.851063829787236,68.26241134751773
out_fixed_budget_uep_matched_validation/FixedBudgetUEP_validation_AWGN_c8_snr13_seed1042,tsn,fixed_budget_uep,learned,22.945043399824318,0.6773561621547168,0.824755940718431,28.54609929078014,57.358156028368796,68.26241134751773
out_fixed_budget_uep_matched_validation/FixedBudgetUEP_validation_AWGN_c8_snr13_seed1042,tsn,fixed_budget_uep,random,22.584162608106087,0.6779225720951321,0.8171326021353403,26.06382978723404,51.861702127659576,68.26241134751773
out_fixed_budget_uep_matched_validation/FixedBudgetUEP_validation_AWGN_c8_snr13_seed1042,tsn,fixed_budget_uep,all_ones,22.712866339277713,0.6860170532678459,0.8243295446778021,27.570921985815602,53.723404255319146,68.26241134751773
out_fixed_budget_uep_matched_validation/FixedBudgetUEP_validation_AWGN_c8_snr13_seed1042,tsn,fixed_budget_uep,bypass,22.712866351114098,0.6860170544567683,0.8243295429340491,27.570921985815602,53.723404255319146,68.26241134751773
out_staged_varnorm_alpha02_primary_matched_validation/StagedVarNormUEP_validation_AWGN_c8_snr13_alpha0.20_seed1042,tsn,staged_varnorm_uep,learned,23.143638337757572,0.675346849763647,0.8293331741546908,23.75886524822695,48.758865248226954,68.26241134751773
out_staged_varnorm_alpha02_primary_matched_validation/StagedVarNormUEP_validation_AWGN_c8_snr13_alpha0.20_seed1042,tsn,staged_varnorm_uep,random,23.070995347719666,0.6735849318404993,0.8289218560812321,22.606382978723403,47.87234042553192,68.26241134751773
out_staged_varnorm_alpha02_primary_matched_validation/StagedVarNormUEP_validation_AWGN_c8_snr13_alpha0.20_seed1042,tsn,staged_varnorm_uep,all_ones,23.08713929281167,0.6744698445372125,0.8297371789284632,22.872340425531913,47.6063829787234,68.26241134751773
out_staged_varnorm_alpha02_primary_matched_validation/StagedVarNormUEP_validation_AWGN_c8_snr13_alpha0.20_seed1042,tsn,staged_varnorm_uep,bypass,23.08713928435711,0.674469843823859,0.8297371795097142,22.872340425531913,47.6063829787234,68.26241134751773
out_staged_varnorm_alpha02_r2plus1d_matched_validation/StagedVarNormUEP_validation_AWGN_c8_snr13_alpha0.20_seed1042,r2plus1d,staged_varnorm_uep,learned,23.143638334375748,0.6753468500014316,0.8293331738904859,19.148936170212767,42.819148936170215,79.16666666666667
out_staged_varnorm_alpha02_r2plus1d_matched_validation/StagedVarNormUEP_validation_AWGN_c8_snr13_alpha0.20_seed1042,r2plus1d,staged_varnorm_uep,random,23.070995356174226,0.6735849322632272,0.8289218546545252,18.79432624113475,42.4645390070922,79.16666666666667
out_staged_varnorm_alpha02_r2plus1d_matched_validation/StagedVarNormUEP_validation_AWGN_c8_snr13_alpha0.20_seed1042,r2plus1d,staged_varnorm_uep,all_ones,23.08713928435711,0.674469844035223,0.8297371808835801,19.414893617021278,43.262411347517734,79.16666666666667
out_staged_varnorm_alpha02_r2plus1d_matched_validation/StagedVarNormUEP_validation_AWGN_c8_snr13_alpha0.20_seed1042,r2plus1d,staged_varnorm_uep,bypass,23.0871392826662,0.6744698442730075,0.8297371789284632,19.414893617021278,43.262411347517734,79.16666666666667
